Data/Hora;Baixa pressão [psi];Temperatura de evaporação [°C];Temp. da linha de sucção [°C];Superaquecimento [K];Alta pressão [psi];Temperatura de condensação [°C];Temp. da linha do líquido [°C];Sub-resfriamento [K];;
10/05/2022 11:04;"148,8";"21,1";"20,8";xxx;"148,2";"20,6";"19,2";"1,4";1;
10/05/2022 11:04;"148,8";"21,1";"20,8";xxx;"148,2";"20,6";"19,2";"1,4";1;
10/05/2022 11:04;"148,8";"21,1";"20,8";xxx;"148,2";"20,6";"19,2";"1,4";1;
10/05/2022 11:04;"148,8";"21,1";"20,8";xxx;"148,2";"20,6";"19,2";"1,4";1;
10/05/2022 11:04;"148,8";"21,1";"20,8";xxx;"148,2";"20,6";"19,2";"1,4";1;
10/05/2022 11:04;"148,8";"21,1";"20,8";xxx;"148,2";"20,6";"19,2";"1,4";1;
10/05/2022 11:04;"148,8";"21,1";"20,9";xxx;"148,4";"20,6";"19,2";"1,4";1;
10/05/2022 11:05;"136,2";"18,2";"20,9";"2,7";"176,2";"26,6";"19,2";"7,4";1;
10/05/2022 11:05;"136,2";"18,2";"20,9";"2,7";"176,2";"26,6";"19,2";"7,4";1;
10/05/2022 11:05;"77,2";"1,3";"20,9";"19,6";"207,3";"32,5";"19,2";"13,3";1;
10/05/2022 11:05;"25,4";-23;"20,9";"43,8";"201,2";"31,4";"19,2";"12,2";1;
10/05/2022 11:05;"32,9";"-18,3";"20,9";"39,1";"201,5";"31,4";"19,2";"12,2";1;
10/05/2022 11:05;"32,9";"-18,3";"20,9";"39,1";"201,9";"31,5";"19,2";"12,3";1;
10/05/2022 11:05;"32,9";"-18,3";"20,8";"39,1";"202,6";"31,7";"19,2";"12,4";1;
10/05/2022 11:05;"33,1";"-18,2";"20,8";"39,1";"203,3";"31,8";"19,3";"12,5";1;
10/05/2022 11:05;"33,1";"-18,2";"20,8";"39,1";"203,3";"31,8";"19,3";"12,5";1;
10/05/2022 11:05;"33,2";"-18,1";"20,9";39;"205,1";"32,1";"19,3";"12,8";1;
10/05/2022 11:05;"33,2";"-18,1";"20,9";39;"206,5";"32,4";"19,4";13;1;
10/05/2022 11:05;"33,4";-18;"20,9";"38,9";"208,3";"32,7";"19,5";"13,2";1;
10/05/2022 11:05;"33,5";-18;"20,9";"38,9";"209,9";33;"19,6";"13,4";1;
10/05/2022 11:05;"33,6";"-17,9";21;"38,8";"211,5";"33,3";"19,9";"13,5";1;
10/05/2022 11:05;"33,5";-18;21;39;"213,8";"33,7";"20,3";"13,5";1;
10/05/2022 11:05;"33,5";-18;21;39;"213,8";"33,7";"20,3";"13,5";1;
10/05/2022 11:05;"33,4";-18;"21,1";"39,1";"215,2";"33,9";"20,7";"13,3";1;
10/05/2022 11:05;"33,2";"-18,1";"21,2";"39,3";"216,4";"34,1";"21,2";"13,1";1;
10/05/2022 11:05;"32,9";"-18,3";"21,3";"39,5";218;"34,4";"21,8";"12,6";1;
10/05/2022 11:05;"32,8";"-18,4";"21,4";"39,7";"218,9";"34,6";"22,4";"12,2";1;
10/05/2022 11:05;"32,6";"-18,5";"21,5";"39,9";"219,6";"34,7";"23,1";"11,8";1;
10/05/2022 11:05;"32,6";"-18,5";"21,5";"39,9";"219,6";"34,7";"23,1";"11,8";1;
10/05/2022 11:05;"32,5";"-18,6";"21,6";"40,1";"220,3";"34,8";"23,6";"11,4";1;
10/05/2022 11:05;"32,5";"-18,6";"21,7";"40,3";"221,2";35;"24,1";"10,8";1;
10/05/2022 11:05;"32,5";"-18,6";"21,9";"40,4";"221,6";35;"24,7";"10,4";1;
10/05/2022 11:05;"32,3";"-18,6";22;"40,6";"222,1";"35,1";"25,3";10;1;
10/05/2022 11:05;"32,3";"-18,6";"22,2";"40,8";"222,6";"35,2";"25,8";"9,4";1;
10/05/2022 11:05;"32,3";"-18,6";"22,2";"40,8";"222,6";"35,2";"25,8";"9,4";1;
10/05/2022 11:05;"32,3";"-18,6";"22,4";"40,9";"222,9";"35,3";"26,3";"9,1";1;
10/05/2022 11:05;"32,3";"-18,6";"22,5";"41,1";"223,2";"35,3";"26,8";"8,7";1;
10/05/2022 11:05;"32,3";"-18,6";"22,7";"41,3";"223,5";"35,4";"27,2";"8,2";1;
10/05/2022 11:05;"32,3";"-18,6";"22,9";"41,5";"223,6";"35,4";"27,6";"7,8";1;
10/05/2022 11:05;"32,3";"-18,6";23;"41,6";"223,8";"35,4";28;"7,6";1;
10/05/2022 11:05;"32,3";"-18,6";"23,2";"41,8";"223,9";"35,4";"28,3";"7,3";1;
10/05/2022 11:05;"32,3";"-18,6";"23,2";"41,8";"223,9";"35,4";"28,3";"7,3";1;
10/05/2022 11:05;"32,5";"-18,6";"23,4";"41,9";"224,1";"35,5";"28,6";"6,9";1;
10/05/2022 11:05;"32,5";"-18,6";"23,6";"42,1";"224,2";"35,5";"28,8";"6,7";1;
10/05/2022 11:05;"32,6";"-18,5";"23,7";"42,1";"224,4";"35,5";"29,1";"6,5";1;
10/05/2022 11:05;"32,6";"-18,5";"23,9";"42,3";"224,5";"35,5";"29,3";"6,3";1;
10/05/2022 11:05;"32,6";"-18,5";"23,9";"42,3";"224,5";"35,5";"29,3";"6,3";1;
10/05/2022 11:05;"32,8";"-18,4";"24,1";"42,4";"224,8";"35,6";"29,6";"6,1";1;
10/05/2022 11:05;"32,9";"-18,3";"24,3";"42,5";225;"35,6";"29,8";"5,9";1;
10/05/2022 11:05;"32,9";"-18,3";"24,5";"42,7";"225,2";"35,7";30;"5,7";1;
10/05/2022 11:05;"33,1";"-18,2";"24,6";"42,8";"225,4";"35,7";"30,1";"5,6";1;
10/05/2022 11:05;"33,1";"-18,2";"24,8";"42,9";"225,5";"35,7";"30,3";"5,5";1;
10/05/2022 11:05;"33,1";"-18,2";"24,8";"42,9";"225,5";"35,7";"30,3";"5,5";1;
10/05/2022 11:05;"33,1";"-18,2";25;"43,1";"225,7";"35,7";"30,4";"5,4";1;
10/05/2022 11:05;"33,1";"-18,2";"25,1";"43,3";"225,8";"35,8";"30,6";"5,2";1;
10/05/2022 11:05;"33,2";"-18,1";"25,3";"43,4";226;"35,8";"30,7";"5,1";1;
10/05/2022 11:05;"33,2";"-18,1";"25,5";"43,5";"226,1";"35,8";"30,8";"5,1";1;
10/05/2022 11:05;"33,2";"-18,1";"25,7";"43,8";"226,4";"35,9";"30,9";5;1;
10/05/2022 11:05;"33,2";"-18,1";"25,7";"43,8";"226,4";"35,9";"30,9";5;1;
10/05/2022 11:05;"33,2";"-18,1";"25,8";"43,9";"226,5";"35,9";31;"4,9";1;
10/05/2022 11:05;"33,2";"-18,1";26;44;"226,7";"35,9";"31,1";"4,8";1;
10/05/2022 11:05;"33,2";"-18,1";"26,1";"44,2";"226,8";"35,9";"31,2";"4,8";1;
10/05/2022 11:05;"33,2";"-18,1";"26,3";"44,4";227;36;"31,3";"4,7";1;
10/05/2022 11:05;"33,2";"-18,1";"26,4";"44,5";"227,1";36;"31,4";"4,6";1;
10/05/2022 11:05;"33,2";"-18,1";"26,6";"44,6";"227,3";36;"31,4";"4,6";1;
10/05/2022 11:05;"33,2";"-18,1";"26,6";"44,6";"227,3";36;"31,4";"4,6";1;
10/05/2022 11:05;"33,2";"-18,1";"26,7";"44,8";"227,4";36;"31,5";"4,6";1;
10/05/2022 11:06;"33,2";"-18,1";"26,8";"44,9";"227,6";"36,1";"31,6";"4,5";1;
10/05/2022 11:06;"33,2";"-18,1";"26,9";"45,1";"227,7";"36,1";"31,6";"4,5";1;
10/05/2022 11:06;"33,2";"-18,1";"27,1";"45,2";"227,9";"36,1";"31,7";"4,4";1;
10/05/2022 11:06;"33,2";"-18,1";"27,2";"45,3";228;"36,1";"31,8";"4,4";1;
10/05/2022 11:06;"33,2";"-18,1";"27,2";"45,3";228;"36,1";"31,8";"4,4";1;
10/05/2022 11:06;"33,2";"-18,1";"27,3";"45,4";"228,1";"36,2";"31,8";"4,3";1;
10/05/2022 11:06;"33,2";"-18,1";"27,4";"45,5";"228,1";"36,2";"31,9";"4,3";1;
10/05/2022 11:06;"33,2";"-18,1";"27,5";"45,6";"228,3";"36,2";"31,9";"4,3";1;
10/05/2022 11:06;"33,2";"-18,1";"27,6";"45,8";"228,4";"36,2";32;"4,2";1;
10/05/2022 11:06;"33,2";"-18,1";"27,7";"45,8";"228,4";"36,2";32;"4,2";1;
10/05/2022 11:06;"33,2";"-18,1";"27,7";"45,8";"228,4";"36,2";32;"4,2";1;
10/05/2022 11:06;"33,2";"-18,1";"27,8";"45,9";"228,6";"36,2";"32,1";"4,2";1;
10/05/2022 11:06;"33,2";"-18,1";"27,9";46;"228,6";"36,2";"32,1";"4,1";1;
10/05/2022 11:06;"33,2";"-18,1";28;"46,1";"228,7";"36,3";"32,2";"4,1";1;
10/05/2022 11:06;"33,2";"-18,1";"28,1";"46,2";"228,7";"36,3";"32,2";4;1;
10/05/2022 11:06;"33,2";"-18,1";"28,2";"46,3";"228,7";"36,3";"32,3";4;1;
10/05/2022 11:06;"33,1";"-18,2";"28,2";"46,4";"228,7";"36,3";"32,3";4;1;
10/05/2022 11:06;"33,1";"-18,2";"28,2";"46,4";"228,7";"36,3";"32,3";4;1;
10/05/2022 11:06;"33,1";"-18,2";"28,3";"46,5";"228,9";"36,3";"32,4";"3,9";1;
10/05/2022 11:06;"33,1";"-18,2";"28,4";"46,5";"228,9";"36,3";"32,4";"3,9";1;
10/05/2022 11:06;"33,1";"-18,2";"28,4";"46,6";"228,9";"36,3";"32,5";"3,8";1;
10/05/2022 11:06;"33,1";"-18,2";"28,5";"46,7";"228,9";"36,3";"32,5";"3,8";1;
10/05/2022 11:06;"32,9";"-18,3";"28,5";"46,8";"228,9";"36,3";"32,5";"3,8";1;
10/05/2022 11:06;"32,9";"-18,3";"28,5";"46,8";"228,9";"36,3";"32,5";"3,8";1;
10/05/2022 11:06;"32,9";"-18,3";"28,6";"46,8";"228,7";"36,3";"32,6";"3,7";1;
10/05/2022 11:06;"32,8";"-18,4";"28,6";47;"228,7";"36,3";"32,6";"3,7";1;
10/05/2022 11:06;"32,6";"-18,5";"28,7";"47,1";"228,6";"36,2";"32,6";"3,6";1;
10/05/2022 11:06;"32,5";"-18,6";"28,7";"47,2";"228,6";"36,2";"32,7";"3,6";1;
10/05/2022 11:06;"32,3";"-18,6";"28,7";"47,4";"228,4";"36,2";"32,7";"3,5";1;
10/05/2022 11:06;"32,1";"-18,8";"28,8";"47,6";"228,1";"36,2";"32,7";"3,4";1;
10/05/2022 11:06;"32,1";"-18,8";"28,8";"47,6";"228,1";"36,2";"32,7";"3,4";1;
10/05/2022 11:06;"31,8";-19;"28,8";"47,8";228;"36,1";"32,7";"3,4";1;
10/05/2022 11:06;"31,6";"-19,1";"28,8";"47,9";"227,9";"36,1";"32,8";"3,4";1;
10/05/2022 11:06;"31,3";"-19,2";"28,9";"48,1";"227,6";"36,1";"32,8";"3,3";1;
10/05/2022 11:06;"31,2";"-19,3";"28,9";"48,2";"227,4";36;"32,8";"3,3";1;
10/05/2022 11:06;31;"-19,4";"28,9";"48,3";"227,1";36;"32,8";"3,2";1;
10/05/2022 11:06;31;"-19,4";"28,9";"48,3";"227,1";36;"32,8";"3,2";1;
10/05/2022 11:06;31;"-19,4";"28,9";"48,3";227;36;"32,8";"3,2";1;
10/05/2022 11:06;"30,9";"-19,5";29;"48,4";"226,7";"35,9";"32,8";"3,1";1;
10/05/2022 11:06;"30,9";"-19,5";29;"48,5";"226,5";"35,9";"32,8";"3,1";1;
10/05/2022 11:06;"30,7";"-19,6";29;"48,6";"226,4";"35,9";"32,8";"3,1";1;
10/05/2022 11:06;"30,7";"-19,6";29;"48,6";"226,4";"35,9";"32,8";"3,1";1;
10/05/2022 11:06;"30,7";"-19,6";29;"48,6";"226,4";"35,9";"32,8";"3,1";1;
10/05/2022 11:06;"30,9";"-19,5";29;"48,5";"226,3";"35,8";"32,8";"3,1";1;
10/05/2022 11:06;31;"-19,4";29;"48,4";"226,3";"35,8";"32,8";"3,1";1;
10/05/2022 11:06;"31,2";"-19,3";29;"48,3";"226,4";"35,9";"32,8";"3,1";1;
10/05/2022 11:06;"31,5";"-19,1";29;"48,2";"226,7";"35,9";"32,8";"3,2";1;
10/05/2022 11:06;"31,8";-19;29;48;"226,8";"35,9";"32,8";"3,2";1;
10/05/2022 11:06;"31,8";-19;29;48;"226,8";"35,9";"32,8";"3,2";1;
10/05/2022 11:06;"32,1";"-18,8";29;"47,8";"227,3";36;"32,8";"3,2";1;
10/05/2022 11:06;"32,2";"-18,7";29;"47,7";"227,7";"36,1";"32,8";"3,3";1;
10/05/2022 11:06;"32,6";"-18,5";29;"47,5";"228,3";"36,2";"32,8";"3,4";1;
10/05/2022 11:06;"32,8";"-18,4";29;"47,4";"228,7";"36,3";"32,8";"3,5";1;
10/05/2022 11:06;"32,9";"-18,3";29;"47,3";"229,3";"36,4";"32,8";"3,5";1;
10/05/2022 11:06;"33,1";"-18,2";29;"47,2";"229,7";"36,4";"32,8";"3,6";1;
10/05/2022 11:06;"33,1";"-18,2";29;"47,2";"229,7";"36,4";"32,8";"3,6";1;
10/05/2022 11:06;"33,2";"-18,1";29;"47,1";"230,3";"36,5";"32,9";"3,7";1;
10/05/2022 11:06;"33,2";"-18,1";29;"47,1";"230,8";"36,6";"32,9";"3,7";1;
10/05/2022 11:06;"33,2";"-18,1";"28,9";"47,1";"231,2";"36,7";"32,9";"3,8";1;
10/05/2022 11:06;"33,2";"-18,1";"28,9";"47,1";"231,5";"36,7";"32,9";"3,8";1;
10/05/2022 11:07;"33,2";"-18,1";"28,9";47;"231,9";"36,8";"32,9";"3,8";1;
10/05/2022 11:07;"33,2";"-18,1";"28,9";47;"232,3";"36,9";33;"3,9";1;
10/05/2022 11:07;"33,2";"-18,1";"28,9";47;"232,3";"36,9";33;"3,9";1;
10/05/2022 11:07;"33,2";"-18,1";"28,9";47;"232,6";"36,9";33;"3,9";1;
10/05/2022 11:07;"33,2";"-18,1";"28,9";47;"232,9";37;"33,1";"3,9";1;
10/05/2022 11:07;"33,2";"-18,1";"28,8";47;"233,4";37;"33,1";"3,9";1;
10/05/2022 11:07;"33,2";"-18,1";"28,8";"46,9";"233,8";"37,1";"33,1";4;1;
10/05/2022 11:07;"33,2";"-18,1";"28,8";"46,9";"234,1";"37,2";"33,2";4;1;
10/05/2022 11:07;"33,2";"-18,1";"28,8";"46,9";"234,1";"37,2";"33,2";4;1;
10/05/2022 11:07;"33,2";"-18,1";"28,8";"46,9";"234,5";"37,2";"33,2";4;1;
10/05/2022 11:07;"33,2";"-18,1";"28,7";"46,9";235;"37,3";"33,3";4;1;
10/05/2022 11:07;"33,2";"-18,1";"28,7";"46,8";"235,5";"37,4";"33,3";"4,1";1;
10/05/2022 11:07;"33,2";"-18,1";"28,7";"46,8";"235,8";"37,4";"33,4";"4,1";1;
10/05/2022 11:07;"33,2";"-18,1";"28,6";"46,8";"236,3";"37,5";"33,4";"4,1";1;
10/05/2022 11:07;"33,2";"-18,1";"28,6";"46,8";"236,6";"37,6";"33,5";"4,1";1;
10/05/2022 11:07;"33,2";"-18,1";"28,6";"46,8";"236,6";"37,6";"33,5";"4,1";1;
10/05/2022 11:07;"33,1";"-18,2";"28,6";"46,8";"237,1";"37,7";"33,5";"4,1";1;
10/05/2022 11:07;"33,1";"-18,2";"28,5";"46,8";"237,4";"37,7";"33,6";"4,1";1;
10/05/2022 11:07;"33,1";"-18,2";"28,5";"46,7";"237,7";"37,8";"33,7";"4,1";1;
10/05/2022 11:07;"33,1";"-18,2";"28,5";"46,7";"237,9";"37,8";"33,7";"4,1";1;
10/05/2022 11:07;"33,1";"-18,2";"28,4";"46,7";"238,3";"37,8";"33,8";"4,1";1;
10/05/2022 11:07;"33,1";"-18,2";"28,4";"46,6";"238,6";"37,9";"33,8";"4,1";1;
10/05/2022 11:07;"33,1";"-18,2";"28,4";"46,6";"238,6";"37,9";"33,8";"4,1";1;
10/05/2022 11:07;"33,1";"-18,2";"28,4";"46,6";"238,7";"37,9";"33,9";4;1;
10/05/2022 11:07;"33,1";"-18,2";"28,3";"46,6";239;38;"33,9";4;1;
10/05/2022 11:07;"33,1";"-18,2";"28,3";"46,5";"239,5";38;34;4;1;
10/05/2022 11:07;"32,9";"-18,3";"28,3";"46,6";"239,6";"38,1";"34,1";4;1;
10/05/2022 11:07;"32,9";"-18,3";"28,2";"46,5";"239,9";"38,1";"34,1";4;1;
10/05/2022 11:07;"32,9";"-18,3";"28,2";"46,5";"240,2";"38,2";"34,2";4;1;
10/05/2022 11:07;"32,9";"-18,3";"28,2";"46,5";"240,2";"38,2";"34,2";4;1;
10/05/2022 11:07;"32,9";"-18,3";"28,1";"46,4";"240,5";"38,2";"34,2";4;1;
10/05/2022 11:07;"32,9";"-18,3";"28,1";"46,4";"240,8";"38,2";"34,3";4;1;
10/05/2022 11:07;"32,9";"-18,3";28;"46,4";"240,9";"38,3";"34,4";"3,9";1;
10/05/2022 11:07;"32,9";"-18,3";28;"46,3";"241,2";"38,3";"34,4";"3,9";1;
10/05/2022 11:07;"32,9";"-18,3";28;"46,3";"241,5";"38,4";"34,5";"3,9";1;
10/05/2022 11:07;"32,9";"-18,3";28;"46,3";"241,5";"38,4";"34,5";"3,9";1;
10/05/2022 11:07;"32,9";"-18,3";"27,9";"46,2";"241,6";"38,4";"34,5";"3,9";1;
10/05/2022 11:07;"32,9";"-18,3";"27,9";"46,2";"241,9";"38,4";"34,6";"3,9";1;
10/05/2022 11:07;"32,9";"-18,3";"27,8";"46,1";"242,1";"38,5";"34,6";"3,9";1;
10/05/2022 11:07;"32,9";"-18,3";"27,8";"46,1";"242,2";"38,5";"34,7";"3,8";1;
10/05/2022 11:07;"32,8";"-18,4";"27,7";"46,1";"242,4";"38,5";"34,7";"3,8";1;
10/05/2022 11:07;"32,8";"-18,4";"27,7";"46,1";"242,5";"38,5";"34,8";"3,8";1;
10/05/2022 11:07;"32,8";"-18,4";"27,7";"46,1";"242,5";"38,5";"34,8";"3,8";1;
10/05/2022 11:07;"32,8";"-18,4";"27,6";46;"242,5";"38,5";"34,8";"3,7";1;
10/05/2022 11:07;"32,8";"-18,4";"27,6";46;"242,6";"38,6";"34,9";"3,7";1;
10/05/2022 11:07;"32,8";"-18,4";"27,5";"45,9";"242,6";"38,6";"34,9";"3,7";1;
10/05/2022 11:07;"32,8";"-18,4";"27,5";"45,9";"242,8";"38,6";35;"3,6";1;
10/05/2022 11:07;"32,8";"-18,4";"27,4";"45,8";"242,8";"38,6";35;"3,6";1;
10/05/2022 11:07;"32,6";"-18,5";"27,4";"45,8";"242,8";"38,6";"35,1";"3,5";1;
10/05/2022 11:07;"32,6";"-18,5";"27,4";"45,8";"242,8";"38,6";"35,1";"3,5";1;
10/05/2022 11:07;"32,6";"-18,5";"27,3";"45,8";"242,9";"38,6";"35,1";"3,5";1;
10/05/2022 11:07;"32,6";"-18,5";"27,3";"45,7";"242,9";"38,6";"35,1";"3,5";1;
10/05/2022 11:07;"32,6";"-18,5";"27,2";"45,7";"243,1";"38,6";"35,2";"3,5";1;
10/05/2022 11:07;"32,6";"-18,5";"27,2";"45,6";"243,1";"38,6";"35,2";"3,4";1;
10/05/2022 11:07;"32,6";"-18,5";"27,1";"45,6";"243,1";"38,6";"35,2";"3,4";1;
10/05/2022 11:07;"32,6";"-18,5";"27,1";"45,6";"243,1";"38,6";"35,2";"3,4";1;
10/05/2022 11:07;"32,6";"-18,5";"27,1";"45,5";"243,1";"38,6";"35,3";"3,4";1;
10/05/2022 11:07;"32,5";"-18,6";27;"45,6";"243,1";"38,6";"35,3";"3,3";1;
10/05/2022 11:07;"32,3";"-18,6";"26,9";"45,6";"242,9";"38,6";"35,3";"3,3";1;
10/05/2022 11:07;"32,3";"-18,6";"26,9";"45,5";"242,9";"38,6";"35,4";"3,3";1;
10/05/2022 11:08;"32,2";"-18,7";"26,8";"45,6";"242,8";"38,6";"35,4";"3,2";1;
10/05/2022 11:08;"31,9";"-18,9";"26,8";"45,7";"242,6";"38,6";"35,4";"3,2";1;
10/05/2022 11:08;"31,9";"-18,9";"26,8";"45,7";"242,6";"38,6";"35,4";"3,2";1;
10/05/2022 11:08;"31,6";"-19,1";"26,7";"45,8";"242,4";"38,5";"35,4";"3,1";1;
10/05/2022 11:08;"31,5";"-19,1";"26,7";"45,8";"242,2";"38,5";"35,4";"3,1";1;
10/05/2022 11:08;"31,3";"-19,2";"26,6";"45,9";"241,9";"38,4";"35,4";3;1;
10/05/2022 11:08;31;"-19,4";"26,6";46;"241,8";"38,4";"35,5";3;1;
10/05/2022 11:08;"30,9";"-19,5";"26,5";46;"241,3";"38,3";"35,5";"2,9";1;
10/05/2022 11:08;"30,7";"-19,6";"26,5";46;"241,1";"38,3";"35,4";"2,8";1;
10/05/2022 11:08;"30,7";"-19,6";"26,5";46;"241,1";"38,3";"35,4";"2,8";1;
10/05/2022 11:08;"30,6";"-19,7";"26,4";"46,1";"240,8";"38,2";"35,4";"2,8";1;
10/05/2022 11:08;"30,5";"-19,8";"26,3";"46,1";"240,5";"38,2";"35,4";"2,8";1;
10/05/2022 11:08;"30,5";"-19,8";"26,3";"46,1";"240,3";"38,2";"35,4";"2,8";1;
10/05/2022 11:08;"30,3";"-19,8";"26,2";"46,1";"239,9";"38,1";"35,4";"2,7";1;
10/05/2022 11:08;"30,3";"-19,8";"26,2";46;"239,6";"38,1";"35,4";"2,7";1;
10/05/2022 11:08;"30,3";"-19,8";"26,1";46;"239,3";38;"35,4";"2,7";1;
10/05/2022 11:08;"30,3";"-19,8";"26,1";46;"239,3";38;"35,4";"2,7";1;
10/05/2022 11:08;"30,3";"-19,8";26;"45,9";"239,2";38;"35,3";"2,6";1;
10/05/2022 11:08;"30,3";"-19,8";26;"45,8";"238,9";"37,9";"35,3";"2,6";1;
10/05/2022 11:08;"30,3";"-19,8";"25,9";"45,8";"238,7";"37,9";"35,3";"2,6";1;
10/05/2022 11:08;"30,3";"-19,8";"25,9";"45,7";"238,4";"37,9";"35,3";"2,6";1;
10/05/2022 11:08;"30,5";"-19,8";"25,8";"45,6";"238,3";"37,8";"35,2";"2,6";1;
10/05/2022 11:08;"30,5";"-19,8";"25,8";"45,6";"238,3";"37,8";"35,2";"2,6";1;
10/05/2022 11:08;"30,5";"-19,8";"25,8";"45,5";"238,3";"37,8";"35,2";"2,6";1;
10/05/2022 11:08;"30,6";"-19,7";"25,7";"45,4";"238,3";"37,8";"35,2";"2,7";1;
10/05/2022 11:08;"30,7";"-19,6";"25,6";"45,2";"238,3";"37,8";"35,2";"2,7";1;
10/05/2022 11:08;"30,7";"-19,6";"25,6";"45,2";"238,3";"37,8";"35,2";"2,7";1;
10/05/2022 11:08;31;"-19,4";"25,5";"44,9";"238,3";"37,8";"35,1";"2,7";1;
10/05/2022 11:08;"31,2";"-19,3";"25,5";"44,8";"238,4";"37,9";"35,1";"2,7";1;
10/05/2022 11:08;"31,2";"-19,3";"25,5";"44,8";"238,4";"37,9";"35,1";"2,7";1;
10/05/2022 11:08;"31,3";"-19,2";"25,4";"44,7";"238,6";"37,9";"35,1";"2,8";1;
10/05/2022 11:08;"31,5";"-19,1";"25,3";"44,5";"238,7";"37,9";"35,1";"2,8";1;
10/05/2022 11:08;"31,6";"-19,1";"25,3";"44,3";239;38;"35,1";"2,8";1;
10/05/2022 11:08;"31,8";-19;"25,2";"44,2";"239,2";38;"35,1";"2,9";1;
10/05/2022 11:08;"31,8";-19;"25,2";"44,2";"239,3";38;"35,1";"2,9";1;
10/05/2022 11:08;"31,8";-19;"25,2";"44,2";"239,3";38;"35,1";"2,9";1;
10/05/2022 11:08;"32,1";"-18,8";"25,1";"43,9";"239,6";"38,1";"35,1";"2,9";1;
10/05/2022 11:08;"32,1";"-18,8";25;"43,9";"239,7";"38,1";"35,2";"2,9";1;
10/05/2022 11:08;"32,2";"-18,7";25;"43,7";"239,9";"38,1";"35,2";3;1;
10/05/2022 11:08;"32,2";"-18,7";"24,9";"43,7";240;"38,1";"35,2";3;1;
10/05/2022 11:08;"32,2";"-18,7";"24,8";"43,6";"240,2";"38,2";"35,2";3;1;
10/05/2022 11:08;"32,2";"-18,7";"24,8";"43,6";"240,2";"38,2";"35,2";3;1;
10/05/2022 11:08;"32,2";"-18,7";"24,8";"43,5";"240,3";"38,2";"35,2";3;1;
10/05/2022 11:08;"32,2";"-18,7";"24,7";"43,5";"240,3";"38,2";"35,2";3;1;
10/05/2022 11:08;"32,2";"-18,7";"24,7";"43,4";"240,5";"38,2";"35,2";3;1;
10/05/2022 11:08;"32,2";"-18,7";"24,6";"43,4";"240,5";"38,2";"35,2";3;1;
10/05/2022 11:08;"32,1";"-18,8";"24,6";"43,4";"240,5";"38,2";"35,3";"2,9";1;
10/05/2022 11:08;"32,1";"-18,8";"24,6";"43,4";"240,5";"38,2";"35,3";"2,9";1;
10/05/2022 11:08;"32,1";"-18,8";"24,5";"43,3";"240,5";"38,2";"35,3";"2,9";1;
10/05/2022 11:08;"32,1";"-18,8";"24,4";"43,3";"240,5";"38,2";"35,3";"2,9";1;
10/05/2022 11:08;"31,9";"-18,9";"24,4";"43,3";"240,5";"38,2";"35,3";"2,9";1;
10/05/2022 11:08;"31,8";-19;"24,3";"43,3";"240,3";"38,2";"35,3";"2,9";1;
10/05/2022 11:08;"31,8";-19;"24,3";"43,3";"240,3";"38,2";"35,3";"2,9";1;
10/05/2022 11:08;"31,6";"-19,1";"24,3";"43,3";"240,3";"38,2";"35,3";"2,8";1;
10/05/2022 11:08;"31,3";"-19,2";"24,2";"43,4";"240,2";"38,2";"35,4";"2,8";1;
10/05/2022 11:08;"31,2";"-19,3";"24,1";"43,5";240;"38,1";"35,4";"2,8";1;
10/05/2022 11:08;31;"-19,4";"24,1";"43,5";"239,9";"38,1";"35,4";"2,7";1;
10/05/2022 11:08;"30,9";"-19,5";24;"43,5";"239,7";"38,1";"35,4";"2,7";1;
10/05/2022 11:08;"30,7";"-19,6";24;"43,6";"239,6";"38,1";"35,4";"2,7";1;
10/05/2022 11:08;"30,7";"-19,6";24;"43,6";"239,6";"38,1";"35,4";"2,7";1;
10/05/2022 11:09;"30,6";"-19,7";"23,9";"43,6";"239,5";38;"35,4";"2,7";1;
10/05/2022 11:09;"30,5";"-19,8";"23,9";"43,6";"239,3";38;"35,4";"2,6";1;
10/05/2022 11:09;"30,5";"-19,8";"23,8";"43,6";"239,2";38;"35,4";"2,6";1;
10/05/2022 11:09;"30,3";"-19,8";"23,7";"43,6";239;38;"35,4";"2,6";1;
10/05/2022 11:09;"30,3";"-19,8";"23,7";"43,6";239;38;"35,4";"2,6";1;
10/05/2022 11:09;"30,3";"-19,8";"23,7";"43,5";239;38;"35,4";"2,6";1;
10/05/2022 11:09;"30,3";"-19,8";"23,6";"43,5";"238,9";"37,9";"35,4";"2,6";1;
10/05/2022 11:09;"30,5";"-19,8";"23,5";"43,3";"238,9";"37,9";"35,3";"2,6";1;
10/05/2022 11:09;"30,5";"-19,8";"23,5";"43,2";"238,9";"37,9";"35,3";"2,6";1;
10/05/2022 11:09;"30,6";"-19,7";"23,4";"43,1";239;38;"35,3";"2,6";1;
10/05/2022 11:09;"30,6";"-19,7";"23,4";"43,1";239;38;"35,3";"2,6";1;
10/05/2022 11:09;"30,6";"-19,7";"23,4";"43,1";239;38;"35,3";"2,6";1;
10/05/2022 11:09;"30,7";"-19,6";"23,3";"42,9";"239,2";38;"35,3";"2,7";1;
10/05/2022 11:09;"30,9";"-19,5";"23,3";"42,8";"239,3";38;"35,3";"2,7";1;
10/05/2022 11:09;"31,2";"-19,3";"23,2";"42,5";"239,6";"38,1";"35,3";"2,7";1;
10/05/2022 11:09;"31,3";"-19,2";"23,1";"42,4";"239,7";"38,1";"35,3";"2,7";1;
10/05/2022 11:09;"31,3";"-19,2";"23,1";"42,4";"239,7";"38,1";"35,3";"2,7";1;
10/05/2022 11:09;"31,5";"-19,1";"23,1";"42,2";240;"38,1";"35,3";"2,8";1;
10/05/2022 11:09;"31,6";"-19,1";23;"42,1";"240,3";"38,2";"35,4";"2,8";1;
10/05/2022 11:09;"31,8";-19;23;"41,9";"240,5";"38,2";"35,4";"2,8";1;
10/05/2022 11:09;"31,8";-19;"22,9";"41,9";"240,8";"38,2";"35,4";"2,9";1;
10/05/2022 11:09;"31,8";-19;"22,8";"41,8";"240,9";"38,3";"35,4";"2,9";1;
10/05/2022 11:09;"31,8";-19;"22,8";"41,8";"240,9";"38,3";"35,4";"2,9";1;
10/05/2022 11:09;"31,8";-19;"22,8";"41,8";"241,1";"38,3";"35,4";"2,9";1;
10/05/2022 11:09;"31,8";-19;"22,7";"41,7";"241,2";"38,3";"35,4";"2,9";1;
10/05/2022 11:09;"31,8";-19;"22,7";"41,7";"241,3";"38,3";"35,4";"2,9";1;
10/05/2022 11:09;"31,8";-19;"22,6";"41,6";"241,5";"38,4";"35,4";"2,9";1;
10/05/2022 11:09;"31,8";-19;"22,6";"41,5";"241,5";"38,4";"35,4";"2,9";1;
10/05/2022 11:09;"31,8";-19;"22,5";"41,5";"241,6";"38,4";"35,5";"2,9";1;
10/05/2022 11:09;"31,8";-19;"22,5";"41,5";"241,6";"38,4";"35,5";"2,9";1;
10/05/2022 11:09;"31,8";-19;"22,4";"41,4";"241,6";"38,4";"35,5";"2,9";1;
10/05/2022 11:09;"31,8";-19;"22,4";"41,4";"241,8";"38,4";"35,5";"2,9";1;
10/05/2022 11:09;"31,6";"-19,1";"22,3";"41,4";"241,9";"38,4";"35,5";"2,9";1;
10/05/2022 11:09;"31,6";"-19,1";"22,3";"41,3";"241,9";"38,4";"35,5";"2,9";1;
10/05/2022 11:09;"31,6";"-19,1";"22,2";"41,3";"241,9";"38,4";"35,6";"2,9";1;
10/05/2022 11:09;"31,6";"-19,1";"22,2";"41,3";"241,9";"38,4";"35,6";"2,9";1;
10/05/2022 11:09;"31,6";"-19,1";"22,1";"41,2";"242,1";"38,5";"35,6";"2,9";1;
10/05/2022 11:09;"31,6";"-19,1";"22,1";"41,1";"242,1";"38,5";"35,6";"2,9";1;
10/05/2022 11:09;"31,6";"-19,1";22;"41,1";"242,1";"38,5";"35,6";"2,9";1;
10/05/2022 11:09;"31,6";"-19,1";22;41;"242,2";"38,5";"35,6";"2,9";1;
10/05/2022 11:09;"31,6";"-19,1";"21,9";41;"242,2";"38,5";"35,6";"2,8";1;
10/05/2022 11:09;"31,6";"-19,1";"21,9";41;"242,2";"38,5";"35,6";"2,8";1;
10/05/2022 11:09;"31,6";"-19,1";"21,8";"40,9";"242,2";"38,5";"35,7";"2,8";1;
10/05/2022 11:09;"31,6";"-19,1";"21,8";"40,9";"242,2";"38,5";"35,7";"2,8";1;
10/05/2022 11:09;"31,5";"-19,1";"21,7";"40,9";"242,4";"38,5";"35,7";"2,8";1;
10/05/2022 11:09;"31,5";"-19,1";"21,6";"40,8";"242,4";"38,5";"35,7";"2,8";1;
10/05/2022 11:09;"31,5";"-19,1";"21,6";"40,8";"242,4";"38,5";"35,7";"2,8";1;
10/05/2022 11:09;"31,5";"-19,1";"21,5";"40,7";"242,4";"38,5";"35,7";"2,8";1;
10/05/2022 11:09;"31,5";"-19,1";"21,5";"40,7";"242,4";"38,5";"35,7";"2,8";1;
10/05/2022 11:09;"31,3";"-19,2";"21,5";"40,7";"242,4";"38,5";"35,7";"2,8";1;
10/05/2022 11:09;"31,3";"-19,2";"21,4";"40,7";"242,4";"38,5";"35,8";"2,8";1;
10/05/2022 11:09;"31,2";"-19,3";"21,3";"40,7";"242,4";"38,5";"35,8";"2,7";1;
10/05/2022 11:09;31;"-19,4";"21,3";"40,7";"242,2";"38,5";"35,8";"2,7";1;
10/05/2022 11:09;"30,9";"-19,5";"21,2";"40,7";"242,1";"38,5";"35,8";"2,7";1;
10/05/2022 11:09;"30,9";"-19,5";"21,2";"40,7";"242,1";"38,5";"35,8";"2,7";1;
10/05/2022 11:09;"30,7";"-19,6";"21,2";"40,8";"242,1";"38,5";"35,8";"2,7";1;
10/05/2022 11:09;"30,6";"-19,7";"21,1";"40,8";"241,9";"38,4";"35,8";"2,6";1;
10/05/2022 11:09;"30,3";"-19,8";21;"40,9";"241,6";"38,4";"35,8";"2,6";1;
10/05/2022 11:09;"30,2";"-19,9";21;"40,9";"241,5";"38,4";"35,8";"2,6";1;
10/05/2022 11:09;30;-20;"20,9";41;"241,3";"38,3";"35,8";"2,5";1;
10/05/2022 11:10;"29,9";"-20,1";"20,9";41;"241,2";"38,3";"35,8";"2,5";1;
10/05/2022 11:10;"29,9";"-20,1";"20,9";41;"241,2";"38,3";"35,8";"2,5";1;
10/05/2022 11:10;"29,7";"-20,2";"20,8";41;"240,9";"38,3";"35,8";"2,5";1;
10/05/2022 11:10;"29,7";"-20,2";"20,7";"40,9";"240,8";"38,2";"35,8";"2,5";1;
10/05/2022 11:10;"29,7";"-20,2";"20,7";"40,9";"240,6";"38,2";"35,8";"2,4";1;
10/05/2022 11:10;"29,6";"-20,3";"20,6";"40,9";"240,5";"38,2";"35,8";"2,4";1;
10/05/2022 11:10;"29,6";"-20,3";"20,6";"40,8";"240,3";"38,2";"35,8";"2,4";1;
10/05/2022 11:10;"29,6";"-20,3";"20,6";"40,8";"240,3";"38,2";"35,8";"2,4";1;
10/05/2022 11:10;"29,6";"-20,3";"20,5";"40,8";"240,2";"38,2";"35,7";"2,4";1;
10/05/2022 11:10;"29,6";"-20,3";"20,4";"40,7";"240,2";"38,2";"35,7";"2,4";1;
10/05/2022 11:10;"29,6";"-20,3";"20,4";"40,7";240;"38,1";"35,7";"2,4";1;
10/05/2022 11:10;"29,7";"-20,2";"20,3";"40,5";240;"38,1";"35,7";"2,4";1;
10/05/2022 11:10;"29,7";"-20,2";"20,3";"40,5";240;"38,1";"35,7";"2,5";1;
10/05/2022 11:10;"29,7";"-20,2";"20,3";"40,5";240;"38,1";"35,7";"2,5";1;
10/05/2022 11:10;"29,9";"-20,1";"20,2";"40,3";240;"38,1";"35,7";"2,5";1;
10/05/2022 11:10;30;-20;"20,1";"40,2";"240,2";"38,2";"35,7";"2,5";1;
10/05/2022 11:10;"30,2";"-19,9";"20,1";40;"240,3";"38,2";"35,7";"2,5";1;
10/05/2022 11:10;"30,3";"-19,8";20;"39,9";"240,5";"38,2";"35,7";"2,6";1;
10/05/2022 11:10;"30,5";"-19,8";20;"39,7";"240,6";"38,2";"35,7";"2,6";1;
10/05/2022 11:10;"30,6";"-19,7";"19,9";"39,6";"240,9";"38,3";"35,7";"2,6";1;
10/05/2022 11:10;"30,6";"-19,7";"19,9";"39,6";"240,9";"38,3";"35,7";"2,6";1;
10/05/2022 11:10;"30,7";"-19,6";"19,8";"39,4";"241,2";"38,3";"35,7";"2,7";1;
10/05/2022 11:10;"30,9";"-19,5";"19,8";"39,3";"241,3";"38,3";"35,7";"2,7";1;
10/05/2022 11:10;31;"-19,4";"19,7";"39,2";"241,6";"38,4";"35,7";"2,7";1;
10/05/2022 11:10;31;"-19,4";"19,7";"39,1";"241,8";"38,4";"35,7";"2,7";1;
10/05/2022 11:10;31;"-19,4";"19,6";39;"241,9";"38,4";"35,7";"2,8";1;
10/05/2022 11:10;31;"-19,4";"19,6";39;"241,9";"38,4";"35,7";"2,8";1;
10/05/2022 11:10;"31,2";"-19,3";"19,5";"38,9";"242,1";"38,5";"35,7";"2,8";1;
10/05/2022 11:10;"31,2";"-19,3";"19,5";"38,8";"242,2";"38,5";"35,7";"2,8";1;
10/05/2022 11:10;31;"-19,4";"19,4";"38,8";"242,4";"38,5";"35,7";"2,8";1;
10/05/2022 11:10;31;"-19,4";"19,4";"38,8";"242,4";"38,5";"35,7";"2,8";1;
10/05/2022 11:10;31;"-19,4";"19,3";"38,7";"242,4";"38,5";"35,7";"2,8";1;
10/05/2022 11:10;31;"-19,4";"19,3";"38,7";"242,4";"38,5";"35,7";"2,8";1;
10/05/2022 11:10;31;"-19,4";"19,2";"38,7";"242,5";"38,5";"35,8";"2,8";1;
10/05/2022 11:10;31;"-19,4";"19,2";"38,6";"242,5";"38,5";"35,8";"2,8";1;
10/05/2022 11:10;31;"-19,4";"19,1";"38,5";"242,5";"38,5";"35,8";"2,7";1;
10/05/2022 11:10;31;"-19,4";"19,1";"38,5";"242,5";"38,5";"35,8";"2,7";1;
10/05/2022 11:10;31;"-19,4";19;"38,4";"242,5";"38,5";"35,8";"2,7";1;
10/05/2022 11:10;31;"-19,4";"18,9";"38,4";"242,6";"38,6";"35,8";"2,7";1;
10/05/2022 11:10;31;"-19,4";"18,9";"38,4";"242,6";"38,6";"35,8";"2,7";1;
10/05/2022 11:10;"30,9";"-19,5";"18,9";"38,4";"242,6";"38,6";"35,8";"2,7";1;
10/05/2022 11:10;"30,9";"-19,5";"18,8";"38,3";"242,5";"38,5";"35,9";"2,7";1;
10/05/2022 11:10;"30,9";"-19,5";"18,7";"38,3";"242,5";"38,5";"35,9";"2,7";1;
10/05/2022 11:10;"30,7";"-19,6";"18,7";"38,3";"242,5";"38,5";"35,9";"2,6";1;
10/05/2022 11:10;"30,7";"-19,6";"18,7";"38,3";"242,5";"38,5";"35,9";"2,6";1;
10/05/2022 11:10;"30,6";"-19,7";"18,6";"38,3";"242,4";"38,5";"35,9";"2,6";1;
10/05/2022 11:10;"30,5";"-19,8";"18,6";"38,3";"242,2";"38,5";"35,9";"2,6";1;
10/05/2022 11:10;"30,3";"-19,8";"18,5";"38,4";"242,2";"38,5";"35,9";"2,6";1;
10/05/2022 11:10;30;-20;"18,4";"38,5";"241,9";"38,4";"35,9";"2,5";1;
10/05/2022 11:10;"29,9";"-20,1";"18,4";"38,5";"241,8";"38,4";"35,9";"2,5";1;
10/05/2022 11:10;"29,9";"-20,1";"18,4";"38,5";"241,8";"38,4";"35,9";"2,5";1;
10/05/2022 11:10;"29,6";"-20,3";"18,3";"38,6";"241,5";"38,4";"35,9";"2,4";1;
10/05/2022 11:10;"29,4";"-20,4";"18,3";"38,6";"241,2";"38,3";"35,9";"2,4";1;
10/05/2022 11:10;"29,3";"-20,5";"18,2";"38,7";"241,1";"38,3";"35,9";"2,4";1;
10/05/2022 11:10;"29,2";"-20,6";"18,1";"38,7";"240,9";"38,3";"35,9";"2,4";1;
10/05/2022 11:10;"29,2";"-20,6";"18,1";"38,7";"240,6";"38,2";"35,9";"2,3";1;
10/05/2022 11:10;"29,2";"-20,6";"18,1";"38,7";"240,6";"38,2";"35,9";"2,3";1;
10/05/2022 11:10;"29,2";"-20,6";18;"38,6";"240,5";"38,2";"35,9";"2,3";1;
10/05/2022 11:10;29;"-20,6";18;"38,6";"240,3";"38,2";"35,9";"2,3";1;
10/05/2022 11:10;29;"-20,6";"17,9";"38,6";"240,2";"38,2";"35,9";"2,3";1;
10/05/2022 11:11;29;"-20,6";"17,8";"38,5";240;"38,1";"35,8";"2,3";1;
10/05/2022 11:11;29;"-20,6";"17,8";"38,4";"239,9";"38,1";"35,8";"2,3";1;
10/05/2022 11:11;29;"-20,6";"17,8";"38,4";"239,9";"38,1";"35,8";"2,3";1;
10/05/2022 11:11;29;"-20,6";"17,7";"38,4";"239,9";"38,1";"35,8";"2,3";1;
10/05/2022 11:11;"29,2";"-20,6";"17,6";"38,2";"239,9";"38,1";"35,8";"2,3";1;
10/05/2022 11:11;"29,3";"-20,5";"17,6";"38,1";240;"38,1";"35,8";"2,4";1;
10/05/2022 11:11;"29,4";"-20,4";"17,5";"37,9";240;"38,1";"35,8";"2,4";1;
10/05/2022 11:11;"29,6";"-20,3";"17,5";"37,8";"240,2";"38,2";"35,8";"2,4";1;
10/05/2022 11:11;"29,7";"-20,2";"17,4";"37,6";"240,3";"38,2";"35,7";"2,4";1;
10/05/2022 11:11;"29,7";"-20,2";"17,4";"37,6";"240,3";"38,2";"35,7";"2,4";1;
10/05/2022 11:11;"29,9";"-20,1";"17,4";"37,5";"240,6";"38,2";"35,7";"2,5";1;
10/05/2022 11:11;"30,2";"-19,9";"17,3";"37,2";"240,9";"38,3";"35,7";"2,5";1;
10/05/2022 11:11;"30,2";"-19,9";"17,3";"37,2";"241,1";"38,3";"35,7";"2,6";1;
10/05/2022 11:11;"30,3";"-19,8";"17,2";"37,1";"241,3";"38,3";"35,8";"2,6";1;
10/05/2022 11:11;"30,5";"-19,8";"17,1";"36,9";"241,6";"38,4";"35,8";"2,6";1;
10/05/2022 11:11;"30,5";"-19,8";"17,1";"36,9";"241,6";"38,4";"35,8";"2,6";1;
10/05/2022 11:11;"30,5";"-19,8";"17,1";"36,8";"241,9";"38,4";"35,8";"2,7";1;
10/05/2022 11:11;"30,6";"-19,7";17;"36,7";"242,1";"38,5";"35,8";"2,7";1;
10/05/2022 11:11;"30,6";"-19,7";17;"36,6";"242,2";"38,5";"35,8";"2,7";1;
10/05/2022 11:11;"30,6";"-19,7";"16,9";"36,6";"242,4";"38,5";"35,8";"2,7";1;
10/05/2022 11:11;"30,6";"-19,7";"16,8";"36,5";"242,5";"38,5";"35,8";"2,7";1;
10/05/2022 11:11;"30,6";"-19,7";"16,8";"36,5";"242,5";"38,5";"35,8";"2,7";1;
10/05/2022 11:11;"30,6";"-19,7";"16,8";"36,5";"242,5";"38,5";"35,8";"2,7";1;
10/05/2022 11:11;"30,5";"-19,8";"16,7";"36,5";"242,6";"38,6";"35,8";"2,7";1;
10/05/2022 11:11;"30,5";"-19,8";"16,7";"36,4";"242,6";"38,6";"35,8";"2,7";1;
10/05/2022 11:11;"30,5";"-19,8";"16,6";"36,4";"242,8";"38,6";"35,9";"2,7";1;
10/05/2022 11:11;"30,5";"-19,8";"16,5";"36,3";"242,8";"38,6";"35,9";"2,7";1;
10/05/2022 11:11;"30,5";"-19,8";"16,5";"36,2";"242,8";"38,6";"35,9";"2,7";1;
10/05/2022 11:11;"30,5";"-19,8";"16,5";"36,2";"242,8";"38,6";"35,9";"2,7";1;
10/05/2022 11:11;"30,5";"-19,8";"16,4";"36,2";"242,8";"38,6";"35,9";"2,7";1;
10/05/2022 11:11;"30,5";"-19,8";"16,4";"36,1";"242,8";"38,6";"35,9";"2,7";1;
10/05/2022 11:11;"30,3";"-19,8";"16,3";"36,2";"242,8";"38,6";"35,9";"2,6";1;
10/05/2022 11:11;"30,3";"-19,8";"16,3";"36,1";"242,8";"38,6";36;"2,6";1;
10/05/2022 11:11;"30,3";"-19,8";"16,2";36;"242,8";"38,6";36;"2,6";1;
10/05/2022 11:11;"30,3";"-19,8";"16,1";36;"242,8";"38,6";36;"2,6";1;
10/05/2022 11:11;"30,3";"-19,8";"16,1";36;"242,8";"38,6";36;"2,6";1;
10/05/2022 11:11;"30,2";"-19,9";"16,1";36;"242,8";"38,6";36;"2,6";1;
10/05/2022 11:11;30;-20;16;36;"242,8";"38,6";36;"2,6";1;
10/05/2022 11:11;30;-20;"15,9";36;"242,6";"38,6";36;"2,5";1;
10/05/2022 11:11;"29,9";"-20,1";"15,9";36;"242,5";"38,5";36;"2,5";1;
10/05/2022 11:11;"29,7";"-20,2";"15,8";"36,1";"242,5";"38,5";36;"2,5";1;
10/05/2022 11:11;"29,7";"-20,2";"15,8";"36,1";"242,5";"38,5";36;"2,5";1;
10/05/2022 11:11;"29,4";"-20,4";"15,8";"36,2";"242,2";"38,5";"36,1";"2,4";1;
10/05/2022 11:11;"29,3";"-20,5";"15,7";"36,2";"242,1";"38,5";"36,1";"2,4";1;
10/05/2022 11:11;"29,2";"-20,6";"15,7";"36,2";"241,9";"38,4";"36,1";"2,4";1;
10/05/2022 11:11;29;"-20,6";"15,6";"36,3";"241,8";"38,4";"36,1";"2,4";1;
10/05/2022 11:11;"28,7";"-20,8";"15,5";"36,4";"241,5";"38,4";"36,1";"2,3";1;
10/05/2022 11:11;"28,7";"-20,8";"15,5";"36,3";"241,3";"38,3";36;"2,3";1;
10/05/2022 11:11;"28,6";"-20,9";"15,4";"36,4";"241,1";"38,3";36;"2,3";1;
10/05/2022 11:11;"28,6";"-20,9";"15,4";"36,4";"241,1";"38,3";36;"2,3";1;
10/05/2022 11:11;"28,6";"-20,9";"15,4";"36,3";"240,9";"38,3";36;"2,3";1;
10/05/2022 11:11;"28,4";-21;"15,3";"36,3";"240,8";"38,2";36;"2,2";1;
10/05/2022 11:11;"28,4";-21;"15,3";"36,3";"240,6";"38,2";36;"2,2";1;
10/05/2022 11:11;"28,4";-21;"15,2";"36,2";"240,5";"38,2";36;"2,2";1;
10/05/2022 11:11;"28,4";-21;"15,1";"36,2";"240,3";"38,2";"35,9";"2,2";1;
10/05/2022 11:11;"28,4";-21;"15,1";"36,2";"240,3";"38,2";"35,9";"2,2";1;
10/05/2022 11:11;"28,4";-21;"15,1";"36,1";"240,2";"38,2";"35,9";"2,2";1;
10/05/2022 11:11;"28,6";"-20,9";15;"35,9";"240,2";"38,2";"35,9";"2,2";1;
10/05/2022 11:11;"28,6";"-20,9";15;"35,9";"240,2";"38,2";"35,9";"2,3";1;
10/05/2022 11:11;"28,7";"-20,8";"14,9";"35,7";"240,2";"38,2";"35,9";"2,3";1;
10/05/2022 11:12;"28,9";"-20,7";"14,8";"35,6";"240,3";"38,2";"35,9";"2,3";1;
10/05/2022 11:12;"28,9";"-20,7";"14,8";"35,6";"240,3";"38,2";"35,9";"2,3";1;
10/05/2022 11:12;29;"-20,6";"14,8";"35,4";"240,5";"38,2";"35,9";"2,3";1;
10/05/2022 11:12;"29,2";"-20,6";"14,7";"35,3";"240,6";"38,2";"35,9";"2,4";1;
10/05/2022 11:12;"29,3";"-20,5";"14,7";"35,1";"240,9";"38,3";"35,8";"2,4";1;
10/05/2022 11:12;"29,4";"-20,4";"14,6";35;"241,1";"38,3";"35,8";"2,5";1;
10/05/2022 11:12;"29,6";"-20,3";"14,6";"34,9";"241,2";"38,3";"35,8";"2,5";1;
10/05/2022 11:12;"29,6";"-20,3";"14,6";"34,9";"241,2";"38,3";"35,8";"2,5";1;
10/05/2022 11:12;"29,7";"-20,2";"14,5";"34,7";"241,5";"38,4";"35,9";"2,5";1;
10/05/2022 11:12;"29,7";"-20,2";"14,4";"34,6";"241,6";"38,4";"35,9";"2,5";1;
10/05/2022 11:12;"29,9";"-20,1";"14,4";"34,5";"241,9";"38,4";"35,9";"2,6";1;
10/05/2022 11:12;"29,9";"-20,1";"14,3";"34,5";"242,1";"38,5";"35,9";"2,6";1;
10/05/2022 11:12;"29,9";"-20,1";"14,3";"34,4";"242,2";"38,5";"35,9";"2,6";1;
10/05/2022 11:12;"29,9";"-20,1";"14,3";"34,4";"242,2";"38,5";"35,9";"2,6";1;
10/05/2022 11:12;"29,9";"-20,1";"14,2";"34,3";"242,2";"38,5";"35,9";"2,6";1;
10/05/2022 11:12;"29,9";"-20,1";"14,2";"34,3";"242,4";"38,5";"35,9";"2,6";1;
10/05/2022 11:12;"29,9";"-20,1";"14,1";"34,2";"242,4";"38,5";"35,9";"2,6";1;
10/05/2022 11:12;"29,9";"-20,1";14;"34,2";"242,4";"38,5";"35,9";"2,6";1;
10/05/2022 11:12;"29,9";"-20,1";14;"34,1";"242,4";"38,5";"35,9";"2,6";1;
10/05/2022 11:12;"29,9";"-20,1";"13,9";34;"242,5";"38,5";"35,9";"2,6";1;
10/05/2022 11:12;"29,9";"-20,1";"13,9";34;"242,5";"38,5";"35,9";"2,6";1;
10/05/2022 11:12;"29,9";"-20,1";"13,9";34;"242,5";"38,5";36;"2,6";1;
10/05/2022 11:12;"29,7";"-20,2";"13,8";34;"242,5";"38,5";36;"2,6";1;
10/05/2022 11:12;"29,7";"-20,2";"13,8";34;"242,5";"38,5";36;"2,6";1;
10/05/2022 11:12;"29,7";"-20,2";"13,7";"33,9";"242,5";"38,5";36;"2,5";1;
10/05/2022 11:12;"29,7";"-20,2";"13,6";"33,9";"242,5";"38,5";36;"2,5";1;
10/05/2022 11:12;"29,7";"-20,2";"13,6";"33,8";"242,5";"38,5";36;"2,5";1;
10/05/2022 11:12;"29,7";"-20,2";"13,6";"33,8";"242,5";"38,5";36;"2,5";1;
10/05/2022 11:12;"29,6";"-20,3";"13,5";"33,8";"242,5";"38,5";36;"2,5";1;
10/05/2022 11:12;"29,6";"-20,3";"13,5";"33,8";"242,5";"38,5";36;"2,5";1;
10/05/2022 11:12;"29,4";"-20,4";"13,4";"33,8";"242,5";"38,5";36;"2,5";1;
10/05/2022 11:12;"29,3";"-20,5";"13,4";"33,8";"242,4";"38,5";"36,1";"2,5";1;
10/05/2022 11:12;"29,2";"-20,6";"13,3";"33,9";"242,2";"38,5";"36,1";"2,4";1;
10/05/2022 11:12;"29,2";"-20,6";"13,3";"33,9";"242,2";"38,5";"36,1";"2,4";1;
10/05/2022 11:12;29;"-20,6";"13,2";"33,9";"242,2";"38,5";"36,1";"2,4";1;
10/05/2022 11:12;"28,9";"-20,7";"13,2";"33,9";"242,1";"38,5";"36,1";"2,4";1;
10/05/2022 11:12;"28,6";"-20,9";"13,1";34;"241,8";"38,4";"36,1";"2,3";1;
10/05/2022 11:12;"28,4";-21;"13,1";"34,1";"241,6";"38,4";"36,1";"2,3";1;
10/05/2022 11:12;"28,3";"-21,1";13;"34,1";"241,5";"38,4";"36,1";"2,3";1;
10/05/2022 11:12;"28,3";"-21,1";13;"34,1";"241,3";"38,3";"36,1";"2,3";1;
10/05/2022 11:12;"28,3";"-21,1";13;"34,1";"241,3";"38,3";"36,1";"2,3";1;
10/05/2022 11:12;"28,1";"-21,2";"12,9";"34,1";"241,2";"38,3";"36,1";"2,2";1;
10/05/2022 11:12;28;"-21,3";"12,8";"34,1";"240,9";"38,3";"36,1";"2,2";1;
10/05/2022 11:12;28;"-21,3";"12,8";"34,1";"240,8";"38,2";36;"2,2";1;
10/05/2022 11:12;"27,8";"-21,4";"12,7";"34,1";"240,6";"38,2";36;"2,2";1;
10/05/2022 11:12;"27,8";"-21,4";"12,7";34;"240,5";"38,2";36;"2,2";1;
10/05/2022 11:12;"27,8";"-21,4";"12,7";34;"240,5";"38,2";36;"2,2";1;
10/05/2022 11:12;"27,8";"-21,4";"12,6";34;"240,3";"38,2";36;"2,2";1;
10/05/2022 11:12;"27,8";"-21,4";"12,5";"33,9";"240,2";"38,2";36;"2,2";1;
10/05/2022 11:12;"27,8";"-21,4";"12,5";"33,9";240;"38,1";36;"2,2";1;
10/05/2022 11:12;"27,8";"-21,4";"12,4";"33,8";240;"38,1";"35,9";"2,2";1;
10/05/2022 11:12;"27,8";"-21,4";"12,4";"33,8";240;"38,1";"35,9";"2,2";1;
10/05/2022 11:12;28;"-21,3";"12,4";"33,7";240;"38,1";"35,9";"2,2";1;
10/05/2022 11:12;28;"-21,3";"12,3";"33,6";240;"38,1";"35,9";"2,2";1;
10/05/2022 11:12;"28,1";"-21,2";"12,3";"33,5";240;"38,1";"35,9";"2,2";1;
10/05/2022 11:12;"28,1";"-21,2";"12,2";"33,4";240;"38,1";"35,9";"2,2";1;
10/05/2022 11:12;"28,3";"-21,1";"12,2";"33,3";"240,2";"38,2";"35,9";"2,3";1;
10/05/2022 11:12;"28,4";-21;"12,1";"33,1";"240,3";"38,2";"35,9";"2,3";1;
10/05/2022 11:12;"28,4";-21;"12,1";"33,1";"240,3";"38,2";"35,9";"2,3";1;
10/05/2022 11:12;"28,6";"-20,9";12;33;"240,3";"38,2";"35,9";"2,3";1;
10/05/2022 11:13;"28,7";"-20,8";12;"32,8";"240,5";"38,2";"35,9";"2,3";1;
10/05/2022 11:13;"28,9";"-20,7";"11,9";"32,7";"240,6";"38,2";"35,9";"2,4";1;
10/05/2022 11:13;"28,9";"-20,7";"11,9";"32,6";"240,8";"38,2";"35,9";"2,4";1;
10/05/2022 11:13;"28,9";"-20,7";"11,9";"32,6";"240,8";"38,2";"35,9";"2,4";1;
10/05/2022 11:13;29;"-20,6";"11,8";"32,5";"241,1";"38,3";"35,9";"2,4";1;
10/05/2022 11:13;"29,2";"-20,6";"11,8";"32,3";"241,1";"38,3";"35,9";"2,4";1;
10/05/2022 11:13;"29,2";"-20,6";"11,7";"32,3";"241,2";"38,3";"35,9";"2,4";1;
10/05/2022 11:13;"29,2";"-20,6";"11,7";"32,2";"241,3";"38,3";"35,9";"2,5";1;
10/05/2022 11:13;"29,3";"-20,5";"11,6";"32,1";"241,5";"38,4";"35,9";"2,5";1;
10/05/2022 11:13;"29,3";"-20,5";"11,6";"32,1";"241,5";"38,4";"35,9";"2,5";1;
10/05/2022 11:13;"29,3";"-20,5";"11,6";32;"241,6";"38,4";"35,9";"2,5";1;
10/05/2022 11:13;"29,3";"-20,5";"11,5";32;"241,6";"38,4";"35,9";"2,5";1;
10/05/2022 11:13;"29,3";"-20,5";"11,5";"31,9";"241,8";"38,4";"35,9";"2,5";1;
10/05/2022 11:13;"29,3";"-20,5";"11,4";"31,9";"241,8";"38,4";"35,9";"2,5";1;
10/05/2022 11:13;"29,2";"-20,6";"11,3";"31,9";"241,8";"38,4";"35,9";"2,5";1;
10/05/2022 11:13;"29,2";"-20,6";"11,3";"31,9";"241,8";"38,4";"35,9";"2,5";1;
10/05/2022 11:13;"29,2";"-20,6";"11,3";"31,9";"241,8";"38,4";"35,9";"2,5";1;
10/05/2022 11:13;"29,2";"-20,6";"11,2";"31,8";"241,9";"38,4";"35,9";"2,5";1;
10/05/2022 11:13;"29,2";"-20,6";"11,2";"31,7";"241,9";"38,4";36;"2,5";1;
10/05/2022 11:13;"29,2";"-20,6";"11,1";"31,7";"241,9";"38,4";36;"2,5";1;
10/05/2022 11:13;"29,2";"-20,6";"11,1";"31,6";"241,8";"38,4";36;"2,4";1;
10/05/2022 11:13;"29,2";"-20,6";"11,1";"31,6";"241,8";"38,4";36;"2,4";1;
10/05/2022 11:13;29;"-20,6";11;"31,6";"241,8";"38,4";36;"2,4";1;
10/05/2022 11:13;29;"-20,6";"10,9";"31,6";"241,8";"38,4";36;"2,4";1;
10/05/2022 11:13;"28,9";"-20,7";"10,9";"31,6";"241,6";"38,4";36;"2,4";1;
10/05/2022 11:13;"28,7";"-20,8";"10,8";"31,7";"241,6";"38,4";36;"2,4";1;
10/05/2022 11:13;"28,6";"-20,9";"10,8";"31,7";"241,5";"38,4";36;"2,4";1;
10/05/2022 11:13;"28,3";"-21,1";"10,7";"31,8";"241,3";"38,3";36;"2,3";1;
10/05/2022 11:13;"28,3";"-21,1";"10,7";"31,8";"241,3";"38,3";36;"2,3";1;
10/05/2022 11:13;"28,1";"-21,2";"10,7";"31,9";"241,2";"38,3";36;"2,3";1;
10/05/2022 11:13;28;"-21,3";"10,6";"31,9";"241,1";"38,3";36;"2,3";1;
10/05/2022 11:13;"27,7";"-21,5";"10,6";32;"240,8";"38,2";36;"2,2";1;
10/05/2022 11:13;"27,7";"-21,5";"10,5";32;"240,6";"38,2";36;"2,2";1;
10/05/2022 11:13;"27,7";"-21,5";"10,5";32;"240,6";"38,2";36;"2,2";1;
10/05/2022 11:13;"27,6";"-21,6";"10,4";32;"240,5";"38,2";36;"2,2";1;
10/05/2022 11:13;"27,4";"-21,6";"10,4";32;"240,2";"38,2";36;"2,2";1;
10/05/2022 11:13;"27,4";"-21,6";"10,3";32;240;"38,1";36;"2,1";1;
10/05/2022 11:13;"27,4";"-21,6";"10,3";"31,9";"239,9";"38,1";36;"2,1";1;
10/05/2022 11:13;"27,3";"-21,7";"10,2";32;"239,7";"38,1";36;"2,1";1;
10/05/2022 11:13;"27,3";"-21,7";"10,2";"31,9";"239,6";"38,1";"35,9";"2,1";1;
10/05/2022 11:13;"27,3";"-21,7";"10,2";"31,9";"239,6";"38,1";"35,9";"2,1";1;
10/05/2022 11:13;"27,3";"-21,7";"10,1";"31,9";"239,5";38;"35,9";"2,1";1;
10/05/2022 11:13;"27,3";"-21,7";"10,1";"31,8";"239,3";38;"35,9";"2,1";1;
10/05/2022 11:13;"27,3";"-21,7";10;"31,7";"239,2";38;"35,9";"2,1";1;
10/05/2022 11:13;"27,3";"-21,7";10;"31,7";"239,2";38;"35,9";"2,1";1;
10/05/2022 11:13;"27,3";"-21,7";"9,9";"31,7";"239,2";38;"35,8";"2,1";1;
10/05/2022 11:13;"27,3";"-21,7";"9,9";"31,7";"239,2";38;"35,8";"2,1";1;
10/05/2022 11:13;"27,3";"-21,7";"9,8";"31,6";239;38;"35,8";"2,1";1;
10/05/2022 11:13;"27,4";"-21,6";"9,8";"31,5";239;38;"35,8";"2,2";1;
10/05/2022 11:13;"27,6";"-21,6";"9,7";"31,3";"239,2";38;"35,8";"2,2";1;
10/05/2022 11:13;"27,7";"-21,5";"9,7";"31,2";"239,2";38;"35,8";"2,2";1;
10/05/2022 11:13;"27,7";"-21,5";"9,6";"31,1";"239,3";38;"35,8";"2,2";1;
10/05/2022 11:13;"27,8";"-21,4";"9,6";31;"239,3";38;"35,8";"2,2";1;
10/05/2022 11:13;"27,8";"-21,4";"9,6";31;"239,3";38;"35,8";"2,2";1;
10/05/2022 11:13;28;"-21,3";"9,5";"30,8";"239,6";"38,1";"35,8";"2,3";1;
10/05/2022 11:13;"28,1";"-21,2";"9,5";"30,7";"239,7";"38,1";"35,8";"2,3";1;
10/05/2022 11:13;"28,3";"-21,1";"9,4";"30,5";"239,9";"38,1";"35,8";"2,3";1;
10/05/2022 11:13;"28,4";-21;"9,4";"30,4";"240,2";"38,2";"35,8";"2,4";1;
10/05/2022 11:13;"28,6";"-20,9";"9,3";"30,2";"240,3";"38,2";"35,8";"2,4";1;
10/05/2022 11:13;"28,6";"-20,9";"9,3";"30,2";"240,3";"38,2";"35,8";"2,4";1;
10/05/2022 11:14;"28,6";"-20,9";"9,3";"30,2";"240,5";"38,2";"35,8";"2,4";1;
10/05/2022 11:14;"28,7";"-20,8";"9,2";30;"240,6";"38,2";"35,8";"2,5";1;
10/05/2022 11:14;"28,7";"-20,8";"9,2";30;"240,8";"38,2";"35,8";"2,5";1;
10/05/2022 11:14;"28,7";"-20,8";"9,1";"29,9";"240,9";"38,3";"35,8";"2,5";1;
10/05/2022 11:14;"28,7";"-20,8";"9,1";"29,9";"241,1";"38,3";"35,8";"2,5";1;
10/05/2022 11:14;"28,7";"-20,8";9;"29,8";"241,1";"38,3";"35,8";"2,5";1;
10/05/2022 11:14;"28,7";"-20,8";9;"29,8";"241,1";"38,3";"35,8";"2,5";1;
10/05/2022 11:14;"28,7";"-20,8";9;"29,8";"241,2";"38,3";"35,8";"2,5";1;
10/05/2022 11:14;"28,7";"-20,8";"8,9";"29,7";"241,2";"38,3";"35,8";"2,5";1;
10/05/2022 11:14;"28,6";"-20,9";"8,9";"29,8";"241,2";"38,3";"35,8";"2,5";1;
10/05/2022 11:14;"28,6";"-20,9";"8,8";"29,7";"241,3";"38,3";"35,8";"2,5";1;
10/05/2022 11:14;"28,6";"-20,9";"8,8";"29,7";"241,3";"38,3";"35,9";"2,5";1;
10/05/2022 11:14;"28,6";"-20,9";"8,8";"29,7";"241,3";"38,3";"35,9";"2,5";1;
10/05/2022 11:14;"28,6";"-20,9";"8,7";"29,6";"241,3";"38,3";"35,9";"2,5";1;
10/05/2022 11:14;"28,6";"-20,9";"8,6";"29,6";"241,3";"38,3";"35,9";"2,5";1;
10/05/2022 11:14;"28,4";-21;"8,6";"29,6";"241,3";"38,3";"35,9";"2,5";1;
10/05/2022 11:14;"28,4";-21;"8,5";"29,6";"241,3";"38,3";"35,9";"2,4";1;
10/05/2022 11:14;"28,4";-21;"8,5";"29,5";"241,3";"38,3";"35,9";"2,4";1;
10/05/2022 11:14;"28,3";"-21,1";"8,4";"29,5";"241,2";"38,3";"35,9";"2,4";1;
10/05/2022 11:14;"28,3";"-21,1";"8,4";"29,5";"241,2";"38,3";"35,9";"2,4";1;
10/05/2022 11:14;"28,3";"-21,1";"8,4";"29,5";"241,2";"38,3";"35,9";"2,4";1;
10/05/2022 11:14;"28,1";"-21,2";"8,3";"29,5";"241,2";"38,3";"35,9";"2,4";1;
10/05/2022 11:14;"28,1";"-21,2";"8,3";"29,5";"241,1";"38,3";36;"2,3";1;
10/05/2022 11:14;28;"-21,3";"8,2";"29,5";"241,1";"38,3";36;"2,3";1;
10/05/2022 11:14;"27,8";"-21,4";"8,2";"29,5";"240,9";"38,3";36;"2,3";1;
10/05/2022 11:14;"27,7";"-21,5";"8,1";"29,6";"240,8";"38,2";36;"2,3";1;
10/05/2022 11:14;"27,7";"-21,5";"8,1";"29,6";"240,8";"38,2";36;"2,3";1;
10/05/2022 11:14;"27,4";"-21,6";"8,1";"29,7";"240,5";"38,2";36;"2,2";1;
10/05/2022 11:14;"27,3";"-21,7";8;"29,7";"240,3";"38,2";36;"2,2";1;
10/05/2022 11:14;"27,1";"-21,8";"7,9";"29,8";"240,2";"38,2";36;"2,2";1;
10/05/2022 11:14;27;"-21,9";"7,9";"29,8";"239,9";"38,1";36;"2,1";1;
10/05/2022 11:14;27;"-21,9";"7,8";"29,8";"239,7";"38,1";36;"2,1";1;
10/05/2022 11:14;27;"-21,9";"7,8";"29,8";"239,7";"38,1";36;"2,1";1;
10/05/2022 11:14;"26,8";-22;"7,8";"29,8";"239,6";"38,1";"35,9";"2,1";1;
10/05/2022 11:14;"26,8";-22;"7,7";"29,7";"239,5";38;"35,9";"2,1";1;
10/05/2022 11:14;"26,7";"-22,1";"7,7";"29,8";"239,3";38;"35,9";"2,1";1;
10/05/2022 11:14;"26,7";"-22,1";"7,6";"29,7";"239,2";38;"35,9";"2,1";1;
10/05/2022 11:14;"26,7";"-22,1";"7,6";"29,7";239;38;"35,9";"2,1";1;
10/05/2022 11:14;"26,7";"-22,1";"7,6";"29,7";239;38;"35,9";"2,1";1;
10/05/2022 11:14;"26,7";"-22,1";"7,5";"29,6";"238,7";"37,9";"35,9";"2,1";1;
10/05/2022 11:14;"26,7";"-22,1";"7,4";"29,6";"238,7";"37,9";"35,8";"2,1";1;
10/05/2022 11:14;"26,7";"-22,1";"7,4";"29,5";"238,6";"37,9";"35,8";"2,1";1;
10/05/2022 11:14;"26,7";"-22,1";"7,3";"29,5";"238,4";"37,9";"35,8";"2,1";1;
10/05/2022 11:14;"26,7";"-22,1";"7,3";"29,4";"238,4";"37,9";"35,8";"2,1";1;
10/05/2022 11:14;"26,7";"-22,1";"7,3";"29,4";"238,4";"37,9";"35,8";"2,1";1;
10/05/2022 11:14;"26,8";-22;"7,2";"29,3";"238,4";"37,9";"35,8";"2,1";1;
10/05/2022 11:14;"26,8";-22;"7,2";"29,2";"238,4";"37,9";"35,8";"2,1";1;
10/05/2022 11:14;27;"-21,9";"7,1";"29,1";"238,6";"37,9";"35,7";"2,2";1;
10/05/2022 11:14;"27,1";"-21,8";"7,1";"28,9";"238,6";"37,9";"35,7";"2,2";1;
10/05/2022 11:14;"27,3";"-21,7";7;"28,8";"238,7";"37,9";"35,7";"2,2";1;
10/05/2022 11:14;"27,3";"-21,7";7;"28,8";"238,7";"37,9";"35,7";"2,2";1;
10/05/2022 11:14;"27,4";"-21,6";7;"28,6";"238,9";"37,9";"35,7";"2,2";1;
10/05/2022 11:14;"27,6";"-21,6";"6,9";"28,5";"239,2";38;"35,7";"2,3";1;
10/05/2022 11:14;"27,7";"-21,5";"6,9";"28,3";"239,3";38;"35,7";"2,3";1;
10/05/2022 11:14;"27,8";"-21,4";"6,8";"28,2";"239,5";38;"35,7";"2,3";1;
10/05/2022 11:14;"27,8";"-21,4";"6,7";"28,1";"239,7";"38,1";"35,7";"2,4";1;
10/05/2022 11:14;"27,8";"-21,4";"6,7";"28,1";"239,7";"38,1";"35,7";"2,4";1;
10/05/2022 11:14;28;"-21,3";"6,7";28;"239,9";"38,1";"35,7";"2,4";1;
10/05/2022 11:14;28;"-21,3";"6,6";"27,9";"240,2";"38,2";"35,7";"2,4";1;
10/05/2022 11:14;28;"-21,3";"6,6";"27,8";"240,3";"38,2";"35,7";"2,5";1;
10/05/2022 11:15;28;"-21,3";"6,5";"27,8";"240,5";"38,2";"35,7";"2,5";1;
10/05/2022 11:15;28;"-21,3";"6,5";"27,8";"240,5";"38,2";"35,7";"2,5";1;
10/05/2022 11:15;28;"-21,3";"6,5";"27,8";"240,5";"38,2";"35,7";"2,5";1;
10/05/2022 11:15;28;"-21,3";"6,4";"27,7";"240,6";"38,2";"35,7";"2,5";1;
10/05/2022 11:15;28;"-21,3";"6,4";"27,6";"240,6";"38,2";"35,8";"2,5";1;
10/05/2022 11:15;28;"-21,3";"6,3";"27,6";"240,8";"38,2";"35,8";"2,5";1;
10/05/2022 11:15;28;"-21,3";"6,2";"27,5";"240,8";"38,2";"35,8";"2,5";1;
10/05/2022 11:15;28;"-21,3";"6,2";"27,5";"240,8";"38,2";"35,8";"2,5";1;
10/05/2022 11:15;28;"-21,3";"6,2";"27,5";"240,8";"38,2";"35,8";"2,5";1;
10/05/2022 11:15;28;"-21,3";"6,1";"27,4";"240,8";"38,2";"35,8";"2,5";1;
10/05/2022 11:15;"27,8";"-21,4";"6,1";"27,5";"240,8";"38,2";"35,8";"2,5";1;
10/05/2022 11:15;"27,8";"-21,4";6;"27,4";"240,9";"38,3";"35,8";"2,5";1;
10/05/2022 11:15;"27,8";"-21,4";6;"27,4";"240,8";"38,2";"35,8";"2,4";1;
10/05/2022 11:15;"27,8";"-21,4";"5,9";"27,3";"240,8";"38,2";"35,8";"2,4";1;
10/05/2022 11:15;"27,8";"-21,4";"5,9";"27,3";"240,8";"38,2";"35,8";"2,4";1;
10/05/2022 11:15;"27,8";"-21,4";"5,9";"27,3";"240,8";"38,2";"35,8";"2,4";1;
10/05/2022 11:15;"27,8";"-21,4";"5,8";"27,2";"240,8";"38,2";"35,9";"2,4";1;
10/05/2022 11:15;"27,7";"-21,5";"5,8";"27,2";"240,8";"38,2";"35,9";"2,4";1;
10/05/2022 11:15;"27,7";"-21,5";"5,7";"27,2";"240,8";"38,2";"35,9";"2,4";1;
10/05/2022 11:15;"27,7";"-21,5";"5,7";"27,2";"240,8";"38,2";"35,9";"2,4";1;
10/05/2022 11:15;"27,6";"-21,6";"5,6";"27,2";"240,6";"38,2";"35,9";"2,3";1;
10/05/2022 11:15;"27,6";"-21,6";"5,6";"27,2";"240,6";"38,2";"35,9";"2,3";1;
10/05/2022 11:15;"27,4";"-21,6";"5,6";"27,2";"240,5";"38,2";"35,9";"2,3";1;
10/05/2022 11:15;"27,3";"-21,7";"5,5";"27,3";"240,5";"38,2";"35,9";"2,3";1;
10/05/2022 11:15;"27,1";"-21,8";"5,5";"27,3";"240,3";"38,2";"35,9";"2,3";1;
10/05/2022 11:15;27;"-21,9";"5,4";"27,4";"240,2";"38,2";"35,9";"2,2";1;
10/05/2022 11:15;"26,8";-22;"5,4";"27,4";"239,9";"38,1";"35,9";"2,2";1;
10/05/2022 11:15;"26,7";"-22,1";"5,3";"27,4";"239,7";"38,1";"35,9";"2,2";1;
10/05/2022 11:15;"26,7";"-22,1";"5,3";"27,4";"239,7";"38,1";"35,9";"2,2";1;
10/05/2022 11:15;"26,5";"-22,2";"5,3";"27,5";"239,6";"38,1";"35,9";"2,1";1;
10/05/2022 11:15;"26,4";"-22,3";"5,2";"27,5";"239,5";38;"35,9";"2,1";1;
10/05/2022 11:15;"26,3";"-22,4";"5,2";"27,6";"239,2";38;"35,9";"2,1";1;
10/05/2022 11:15;"26,3";"-22,4";"5,1";"27,5";239;38;"35,9";"2,1";1;
10/05/2022 11:15;"26,1";"-22,5";"5,1";"27,6";"238,9";"37,9";"35,9";"2,1";1;
10/05/2022 11:15;"26,1";"-22,5";"5,1";"27,6";"238,9";"37,9";"35,9";"2,1";1;
10/05/2022 11:15;"26,1";"-22,5";5;"27,5";"238,7";"37,9";"35,9";"2,1";1;
10/05/2022 11:15;"26,1";"-22,5";5;"27,5";"238,6";"37,9";"35,8";"2,1";1;
10/05/2022 11:15;26;"-22,6";"4,9";"27,5";"238,4";"37,9";"35,8";2;1;
10/05/2022 11:15;26;"-22,6";"4,9";"27,5";"238,3";"37,8";"35,8";2;1;
10/05/2022 11:15;26;"-22,6";"4,8";"27,4";"238,2";"37,8";"35,8";2;1;
10/05/2022 11:15;26;"-22,6";"4,8";"27,4";"238,2";"37,8";"35,8";2;1;
10/05/2022 11:15;26;"-22,6";"4,8";"27,4";"238,2";"37,8";"35,8";"2,1";1;
10/05/2022 11:15;26;"-22,6";"4,7";"27,3";238;"37,8";"35,7";"2,1";1;
10/05/2022 11:15;"26,1";"-22,5";"4,7";"27,2";238;"37,8";"35,7";"2,1";1;
10/05/2022 11:15;"26,3";"-22,4";"4,6";27;238;"37,8";"35,7";"2,1";1;
10/05/2022 11:15;"26,3";"-22,4";"4,6";27;238;"37,8";"35,7";"2,1";1;
10/05/2022 11:15;"26,4";"-22,3";"4,6";"26,9";"238,2";"37,8";"35,7";"2,1";1;
10/05/2022 11:15;"26,4";"-22,3";"4,5";"26,8";"238,2";"37,8";"35,7";"2,1";1;
10/05/2022 11:15;"26,5";"-22,2";"4,5";"26,7";"238,3";"37,8";"35,7";"2,2";1;
10/05/2022 11:15;"26,7";"-22,1";"4,4";"26,5";"238,4";"37,9";"35,7";"2,2";1;
10/05/2022 11:15;"26,8";-22;"4,4";"26,4";"238,6";"37,9";"35,7";"2,2";1;
10/05/2022 11:15;"26,8";-22;"4,4";"26,4";"238,6";"37,9";"35,7";"2,2";1;
10/05/2022 11:15;27;"-21,9";"4,3";"26,2";"238,7";"37,9";"35,7";"2,3";1;
10/05/2022 11:15;"27,1";"-21,8";"4,3";"26,1";"238,9";"37,9";"35,7";"2,3";1;
10/05/2022 11:15;"27,1";"-21,8";"4,2";"26,1";239;38;"35,7";"2,3";1;
10/05/2022 11:15;"27,3";"-21,7";"4,2";"25,9";"239,3";38;"35,7";"2,3";1;
10/05/2022 11:15;"27,3";"-21,7";"4,1";"25,9";"239,5";38;"35,7";"2,4";1;
10/05/2022 11:15;"27,4";"-21,6";"4,1";"25,7";"239,6";"38,1";"35,7";"2,4";1;
10/05/2022 11:15;"27,4";"-21,6";"4,1";"25,7";"239,6";"38,1";"35,7";"2,4";1;
;;;;;;;;;;
< Informações gerais >;;;;;;;;;;
Versão do app;Nome programa de medição;Ciclo de medição;Comentário;;;;;;;
V 14.41.6.58442;Refrigeration / Target Superheat;10/05/2022 11:15;;;;;;;;
;;;;;;;;;;
< Empresa >;;;;;;;;;;
Cidade;Cidade;Dados dos clientes;Endereço de e-mail;Nome;Nome do técnico;Tel.;Fax;Endereço do website;Rua;
;;;;;;;;;;
;;;;;;;;;;
< Cliente >;;;;;;;;;;
Cidade;Cidade;Dados dos clientes;Endereço de e-mail;Nome;Nome do técnico;Tel.;Fax;Endereço do website;Rua;
;;;;;;;;;;
;;;;;;;;;;
< Aparelhos >;;;;;;;;;;
Nome;Número de série;Versão do firmware;Grandezas de medida;;;;;;;
testo 557;48128642;V 1.19.0;Temperatura 1;;;;;;;
testo 557;48128642;V 1.19.0;Temperatura 2;;;;;;;
testo 557;48128642;V 1.19.0;Pressão baixa;;;;;;;
testo 557;48128642;V 1.19.0;Alta pressão;;;;;;;
testo 557;48128642;V 1.19.0;Temperatura de evaporação;;;;;;;
testo 557;48128642;V 1.19.0;Temperatura de condensação;;;;;;;
testo 557;48128642;V 1.19.0;Superaquecimento;;;;;;;
testo 557;48128642;V 1.19.0;Sub-resfriamento;;;;;;;
;;;;;;;;;;
< Ponto de medição >;;;;;;;;;;
Nome;Número do sistema;Tipo do sistema;Fabricante do sistema;N.º de série do sistema;Data de fabrico;Notas;;;;
;;;;;;;;;;
;;;;;;;;;;
< Parâmetros de medicao >;;;;;;;;;;
Ciclo de medição;Temp. da linha de sucção;Temp. da linha do líquido;Baixa pressão;Alta pressão;Tipo de pressão;Pressão ambiente;Fluído refrigerante;Início tempo;Fim tempo;Duração
1 Seg;testo 557 (48128642);testo 557 (48128642);testo 557 (48128642);testo 557 (48128642);Relativo;"928,000 hPa";R404A;10/05/2022 11:04;10/05/2022 11:15;0 d 0 H 11 Mín. 5 Seg
;;;;;;;;;;
< Imagens >;;;;;;;;;;
Nome;;;;;;;;;;
